{"cameraMode":{"drawMode":0,"name":"Shaded","section":"Shading Mode"},"sceneLighting":true,"audioPlay":false,"sceneViewState":{"showFog":true,"showMaterialUpdate":false,"showSkybox":false,"showFlares":true,"showImageEffects":true,"showParticleSystems":true},"in2DMode":false,"pivot":{"x":6.556867599487305,"y":-21.82183074951172,"z":-13.610790252685547},"rotation":{"x":0.06806602329015732,"y":0.8993695974349976,"z":-0.4043521583080292,"w":0.15166038274765016},"size":59.431556701660159,"orthographic":false}