{"cameraMode":{"drawMode":0,"name":"Shaded","section":"Shading Mode"},"sceneLighting":false,"audioPlay":false,"sceneViewState":{"showFog":true,"showMaterialUpdate":false,"showSkybox":false,"showFlares":true,"showImageEffects":true,"showParticleSystems":true},"in2DMode":false,"pivot":{"x":11.322426795959473,"y":1.4455807209014893,"z":-0.6207818984985352},"rotation":{"x":0.008542916737496853,"y":0.9073947072029114,"z":-0.41978904604911806,"w":0.018415577709674836},"size":10.101593017578125,"orthographic":false}